model_name,quant_method,concurrency,prompt_length,output_length,ttft_ms,tpot_ms,total_time_s,output_tokens,tokens_per_second,total_throughput,gpu_memory_gb
Qwen3.8-27B-Enhanced-W8A8,enhanced_w8a8,1,512,256,288.47599029541016,27.98057471209692,7.199860413869222,248,34.4473469526863,103.34204085805891,47.4
Qwen3.8-27B-Enhanced-W8A8,enhanced_w8a8,4,512,256,396.30355437596637,29.33963889109568,7.582632501920064,246,32.4427807041112,389.31336844933446,47.4
Qwen3.8-27B-Enhanced-W8A8,enhanced_w8a8,8,512,256,675.2010782559713,31.320105477563892,8.222078065077463,242,29.441560290704583,706.5974469769099,47.4
Qwen3.8-27B-Enhanced-W8A8,enhanced_w8a8,1,2048,256,368.40637524922687,28.054853521699687,7.2981383005778,248,33.981269069126704,101.94380720738012,47.4
Qwen3.8-27B-Enhanced-W8A8,enhanced_w8a8,4,2048,256,1175.4936178525288,29.326929945393097,8.426667273044586,248,29.46028526396997,353.52342316763963,47.4
Qwen3.8-27B-Enhanced-W8A8,enhanced_w8a8,8,2048,256,1948.9067991574605,31.217097041058345,9.788347572088242,252,25.757680144662785,618.1843234719069,47.4
Qwen3.8-27B-Enhanced-W8A8,enhanced_w8a8,1,8192,256,1152.3333390553792,27.463901295233025,8.073374032974243,253,31.337579651974096,94.01273895592229,47.4
Qwen3.8-27B-Enhanced-W8A8,enhanced_w8a8,4,8192,256,3920.742472012838,30.45388559242719,11.523586670557657,250,21.75972224120551,261.1166668944661,47.4
Qwen3.8-27B-Enhanced-W8A8,enhanced_w8a8,8,8192,256,6263.372898101807,39.06716807939255,16.086558838685352,252,15.704118870241043,376.898852885785,47.4
